lastname,firstname,email,grade
Swigart,Madalyn,Madalyn.Swigart@email.com,C
Dannye,Shirlee,Shirlee.Dannye@email.com,C
Merna,Ninnetta,Ninnetta.Merna@email.com,C
Karl,Celene,Celene.Karl@email.com,D
Docilla,Taffy,Taffy.Docilla@email.com,B
Anestassia,Tina,Tina.Anestassia@email.com,B
Bivins,Dale,Dale.Bivins@email.com,B
Tremayne,Zaria,Zaria.Tremayne@email.com,C
Skell,Krystle,Krystle.Skell@email.com,C
Alejoa,Livvyy,Livvyy.Alejoa@email.com,D
Macey,Brynna,Brynna.Macey@email.com,F
Blisse,Stacey,Stacey.Blisse@email.com,F
Mintz,Mireielle,Mireielle.Mintz@email.com,A
Colp,Gilligan,Gilligan.Colp@email.com,A
Darbie,Carree,Carree.Darbie@email.com,A
Martguerita,Lindie,Lindie.Martguerita@email.com,B
Gale,Babita,Babita.Gale@email.com,B
Cottle,Jacquetta,Jacquetta.Cottle@email.com,D
Amadas,Melisent,Melisent.Amadas@email.com,C
Belanger,Keelia,Keelia.Belanger@email.com,A
Ophelia,Sybille,Sybille.Ophelia@email.com,A
Silvan,Heddie,Heddie.Silvan@email.com,F
Jacinda,Merle,Merle.Jacinda@email.com,B
Barbey,Jackie,Jackie.Barbey@email.com,C
Aloise,Modestia,Modestia.Aloise@email.com,D
Katrine,Audrie,Audrie.Katrine@email.com,C
Henebry,Misha,Misha.Henebry@email.com,D
Chaing,Mara,Mara.Chaing@email.com,B
Naor,Alexine,Alexine.Naor@email.com,A
Suzetta,Lexine,Lexine.Suzetta@email.com,D
Elvyn,Peri,Peri.Elvyn@email.com,C
Wu,Alisha,Alisha.Wu@email.com,A
Tillford,Sissy,Sissy.Tillford@email.com,D
Orpah,Rubie,Rubie.Orpah@email.com,B
Thomasina,Annora,Annora.Thomasina@email.com,D
Dom,Norine,Norine.Dom@email.com,F
Junie,Aaren,Aaren.Junie@email.com,D
Garbe,Ivett,Ivett.Garbe@email.com,F
Lasley,Cyb,Cyb.Lasley@email.com,A
Naashom,Marylou,Marylou.Naashom@email.com,A
Fennessy,Cathie,Cathie.Fennessy@email.com,B
Swigart,Kial,Kial.Swigart@email.com,B
Rhu,Viviene,Viviene.Rhu@email.com,F
Urania,Clementine,Clementine.Urania@email.com,A
Vivle,Cissiee,Cissiee.Vivle@email.com,C
Romelda,Tracey,Tracey.Romelda@email.com,C
Verger,Maridel,Maridel.Verger@email.com,D
Arvo,Blinni,Blinni.Arvo@email.com,F
Heisel,Brietta,Brietta.Heisel@email.com,F
Madelene,Philis,Philis.Madelene@email.com,C
Mitzi,Althea,Althea.Mitzi@email.com,D
Arne,Meg,Meg.Arne@email.com,D
Odell,Melisent,Melisent.Odell@email.com,C
Schlosser,Annice,Annice.Schlosser@email.com,A
Longfellow,Courtnay,Courtnay.Longfellow@email.com,B
Alarise,Joelly,Joelly.Alarise@email.com,C
Gahl,Vevay,Vevay.Gahl@email.com,B
Infield,Camile,Camile.Infield@email.com,D
Parette,Bill,Bill.Parette@email.com,A
Genna,Lonnie,Lonnie.Genna@email.com,A
Cornelia,Stephanie,Stephanie.Cornelia@email.com,B
Concha,Arlina,Arlina.Concha@email.com,C
Hanleigh,Brena,Brena.Hanleigh@email.com,C
Wallis,Ardenia,Ardenia.Wallis@email.com,A
Cyrie,Dulcinea,Dulcinea.Cyrie@email.com,B
Phi,Fredericka,Fredericka.Phi@email.com,F
Brenn,Basia,Basia.Brenn@email.com,C
Garrison,Marita,Marita.Garrison@email.com,D
Skurnik,Trixi,Trixi.Skurnik@email.com,A
Gualtiero,Dorene,Dorene.Gualtiero@email.com,D
Tannie,Emmey,Emmey.Tannie@email.com,A
Percy,Diena,Diena.Percy@email.com,D
Mich,Farrah,Farrah.Mich@email.com,A
Afton,Jasmina,Jasmina.Afton@email.com,C
Clara,Celisse,Celisse.Clara@email.com,B
Giff,Carol-Jean,Carol-Jean.Giff@email.com,C
Jess,Di,Di.Jess@email.com,A
Bobbee,Johna,Johna.Bobbee@email.com,F
August,Cam,Cam.August@email.com,B
Bahr,Viviene,Viviene.Bahr@email.com,F
Schroth,Olivette,Olivette.Schroth@email.com,F
Syd,Tracey,Tracey.Syd@email.com,D
Granoff,Raquela,Raquela.Granoff@email.com,D
Kellby,Nelle,Nelle.Kellby@email.com,A
Tiffa,Priscilla,Priscilla.Tiffa@email.com,F
Skurnik,Emilia,Emilia.Skurnik@email.com,C
Cloris,Bill,Bill.Cloris@email.com,A
Sundin,Justinn,Justinn.Sundin@email.com,C
Morgun,Devina,Devina.Morgun@email.com,A
Evvie,Stevana,Stevana.Evvie@email.com,D
Wildermuth,Marsiella,Marsiella.Wildermuth@email.com,D
Malina,Tersina,Tersina.Malina@email.com,C
Garrison,Zondra,Zondra.Garrison@email.com,F
Larochelle,Micheline,Micheline.Larochelle@email.com,A
McGrody,Mara,Mara.McGrody@email.com,D
Goerke,Aurore,Aurore.Goerke@email.com,F
Fosque,Ardenia,Ardenia.Fosque@email.com,C
Wareing,Norine,Norine.Wareing@email.com,B
Bohlin,Merci,Merci.Bohlin@email.com,B
Selway,Glenda,Glenda.Selway@email.com,C
Ax,Adore,Adore.Ax@email.com,D
Cecile,Marjie,Marjie.Cecile@email.com,C
Seessel,Winny,Winny.Seessel@email.com,F
Even,Libbie,Libbie.Even@email.com,F
Wind,Ginnie,Ginnie.Wind@email.com,F
Georgy,Sadie,Sadie.Georgy@email.com,B
Raffo,Marline,Marline.Raffo@email.com,D
Toor,Mallory,Mallory.Toor@email.com,C
Imelida,Marleah,Marleah.Imelida@email.com,F
Tatianas,Inga,Inga.Tatianas@email.com,C
Tamar,Jorry,Jorry.Tamar@email.com,A
Lubin,Vonny,Vonny.Lubin@email.com,C
Martsen,Ginnie,Ginnie.Martsen@email.com,F
Si,Glynnis,Glynnis.Si@email.com,C
Fleeta,Perry,Perry.Fleeta@email.com,D
Ardra,Dotty,Dotty.Ardra@email.com,B
Sancho,Gusty,Gusty.Sancho@email.com,B
Dyche,Donnie,Donnie.Dyche@email.com,C
McNully,Emma,Emma.McNully@email.com,B
Tound,Jillayne,Jillayne.Tound@email.com,C
Kiersten,Chloris,Chloris.Kiersten@email.com,B
Olnee,Jan,Jan.Olnee@email.com,A
Thunell,Minda,Minda.Thunell@email.com,D
Pyle,Aubrie,Aubrie.Pyle@email.com,C
Khorma,Anica,Anica.Khorma@email.com,F
Dannye,Candi,Candi.Dannye@email.com,A
Egbert,Britte,Britte.Egbert@email.com,B
Roumell,Nyssa,Nyssa.Roumell@email.com,F
Reidar,Betta,Betta.Reidar@email.com,A
Atonsah,Gerianna,Gerianna.Atonsah@email.com,B
Jacqui,Barbi,Barbi.Jacqui@email.com,A
Brandice,Dolli,Dolli.Brandice@email.com,C
Kristi,Meg,Meg.Kristi@email.com,A
Gert,Tarra,Tarra.Gert@email.com,F
Adrienne,Priscilla,Priscilla.Adrienne@email.com,A
Secrest,Brynna,Brynna.Secrest@email.com,C
Bibi,Cyb,Cyb.Bibi@email.com,B
Christal,Micheline,Micheline.Christal@email.com,F
Tayib,Vere,Vere.Tayib@email.com,A
Hazlett,Sam,Sam.Hazlett@email.com,B
Burkle,Frank,Frank.Burkle@email.com,C
Hailee,Devina,Devina.Hailee@email.com,D
Fosque,Lita,Lita.Fosque@email.com,D
Duwalt,Paola,Paola.Duwalt@email.com,D
Roxanna,Tiffie,Tiffie.Roxanna@email.com,C
Stevy,Rori,Rori.Stevy@email.com,D
Buttaro,Valli,Valli.Buttaro@email.com,F
Jacqui,Christal,Christal.Jacqui@email.com,C
Munn,Nerta,Nerta.Munn@email.com,B
Emmaline,Tracey,Tracey.Emmaline@email.com,C
Peonir,Anica,Anica.Peonir@email.com,C
Odell,Cordi,Cordi.Odell@email.com,B
Thunell,Lorie,Lorie.Thunell@email.com,F
Korey,Janenna,Janenna.Korey@email.com,C
Payson,Kimberley,Kimberley.Payson@email.com,B
Dimitris,Bernardine,Bernardine.Dimitris@email.com,C
Edison,Alyda,Alyda.Edison@email.com,C
Lane,Misha,Misha.Lane@email.com,C
Salchunas,Vivia,Vivia.Salchunas@email.com,A
Alrich,Sarette,Sarette.Alrich@email.com,B
Hieronymus,Wilma,Wilma.Hieronymus@email.com,C
Lay,Joane,Joane.Lay@email.com,F
Ethban,Raina,Raina.Ethban@email.com,F
Iphlgenia,Shell,Shell.Iphlgenia@email.com,D
Anderea,Starla,Starla.Anderea@email.com,A
Cottle,Edyth,Edyth.Cottle@email.com,C
Camden,Carmencita,Carmencita.Camden@email.com,F
Sabella,Courtnay,Courtnay.Sabella@email.com,B
Orelee,Thalia,Thalia.Orelee@email.com,D
Ardeha,Fanny,Fanny.Ardeha@email.com,C
Wenda,Abbie,Abbie.Wenda@email.com,D
Land,Briney,Briney.Land@email.com,D
Alwin,Beatriz,Beatriz.Alwin@email.com,F
Etom,Bernie,Bernie.Etom@email.com,B
Nicoline,Robbi,Robbi.Nicoline@email.com,D
Bryna,Karina,Karina.Bryna@email.com,F
Rosalba,Ruthe,Ruthe.Rosalba@email.com,B
Wildermuth,Binny,Binny.Wildermuth@email.com,F
Amasa,Gretal,Gretal.Amasa@email.com,F
Barrus,Heida,Heida.Barrus@email.com,D
Kendrick,Bobbi,Bobbi.Kendrick@email.com,C
Dorothy,Alie,Alie.Dorothy@email.com,F
Zaslow,Daryl,Daryl.Zaslow@email.com,A
Montgomery,Riannon,Riannon.Montgomery@email.com,C
Horan,Marinna,Marinna.Horan@email.com,C
Hepsibah,Viki,Viki.Hepsibah@email.com,F
Leffen,Fidelia,Fidelia.Leffen@email.com,F
Fadiman,Ernesta,Ernesta.Fadiman@email.com,F
Henebry,Cyb,Cyb.Henebry@email.com,B
Pernick,Frances,Frances.Pernick@email.com,D
Albertine,Minne,Minne.Albertine@email.com,F
Jess,Alisha,Alisha.Jess@email.com,B
Waldron,Karly,Karly.Waldron@email.com,A
Hedve,Henriette,Henriette.Hedve@email.com,D
Estella,Di,Di.Estella@email.com,B
Morgun,Marti,Marti.Morgun@email.com,A
Lilas,Lolita,Lolita.Lilas@email.com,B
Cherianne,Karina,Karina.Cherianne@email.com,D
Malvino,Frieda,Frieda.Malvino@email.com,A
Papageno,Cecile,Cecile.Papageno@email.com,B
Olympium,Henriette,Henriette.Olympium@email.com,B
Berriman,Lynde,Lynde.Berriman@email.com,A
Maxi,Ayn,Ayn.Maxi@email.com,A
Dielu,Therine,Therine.Dielu@email.com,B
Jobi,Jobi,Jobi.Jobi@email.com,D
Raul,Amelia,Amelia.Raul@email.com,A
Astra,Catharine,Catharine.Astra@email.com,B
Hewitt,Mahalia,Mahalia.Hewitt@email.com,D
Gino,Ellette,Ellette.Gino@email.com,A
Pauly,Roseline,Roseline.Pauly@email.com,F
Zina,Florencia,Florencia.Zina@email.com,F
Drisko,Kaia,Kaia.Drisko@email.com,A
Brackely,Viki,Viki.Brackely@email.com,B
Kermit,Suzette,Suzette.Kermit@email.com,A
Voletta,Gale,Gale.Voletta@email.com,F
Borrell,Robinia,Robinia.Borrell@email.com,F
Pillsbury,Hayley,Hayley.Pillsbury@email.com,B
Allare,Karolina,Karolina.Allare@email.com,C
Wallis,Elka,Elka.Wallis@email.com,F
Lalitta,Verla,Verla.Lalitta@email.com,F
Reidar,Jillayne,Jillayne.Reidar@email.com,C
Vivle,Fanny,Fanny.Vivle@email.com,C
Bow,Henriette,Henriette.Bow@email.com,B
Bertold,Celestyna,Celestyna.Bertold@email.com,B
Jacobah,Teddie,Teddie.Jacobah@email.com,C
Garbe,Phylis,Phylis.Garbe@email.com,A
Roscoe,Dominga,Dominga.Roscoe@email.com,F
Johanna,Penelopa,Penelopa.Johanna@email.com,D
Bari,Donnie,Donnie.Bari@email.com,B
Marisa,Netty,Netty.Marisa@email.com,B
Fennessy,Ardeen,Ardeen.Fennessy@email.com,B
Karna,Ethel,Ethel.Karna@email.com,D
Abernon,Calla,Calla.Abernon@email.com,D
Kronfeld,Linet,Linet.Kronfeld@email.com,D
Firmin,Vita,Vita.Firmin@email.com,B
Brodench,Glynnis,Glynnis.Brodench@email.com,C
Gavrila,Lory,Lory.Gavrila@email.com,C
Felizio,Jennica,Jennica.Felizio@email.com,F
Hunfredo,Kassey,Kassey.Hunfredo@email.com,A
Flita,Alisha,Alisha.Flita@email.com,F
Bethany,Lelah,Lelah.Bethany@email.com,A
Gerge,Janis,Janis.Gerge@email.com,D
Cosenza,Sara-Ann,Sara-Ann.Cosenza@email.com,B
Hedve,Starla,Starla.Hedve@email.com,D
Audly,Paola,Paola.Audly@email.com,A
Celestine,Sherrie,Sherrie.Celestine@email.com,D
Niles,Annecorinne,Annecorinne.Niles@email.com,A
Angelis,Minne,Minne.Angelis@email.com,B
Winnick,Georgetta,Georgetta.Winnick@email.com,C
Ralfston,Lesly,Lesly.Ralfston@email.com,B
Mintz,Oona,Oona.Mintz@email.com,A
Fosque,Letizia,Letizia.Fosque@email.com,D
Sprage,Kara-Lynn,Kara-Lynn.Sprage@email.com,B
Kannry,Sallie,Sallie.Kannry@email.com,F
Septima,Darci,Darci.Septima@email.com,B
Olympium,Nataline,Nataline.Olympium@email.com,A
Chauncey,Violet,Violet.Chauncey@email.com,A
Pitt,Laure,Laure.Pitt@email.com,F
Lay,Mahalia,Mahalia.Lay@email.com,D
Jefferey,Courtnay,Courtnay.Jefferey@email.com,F
Fancie,Merry,Merry.Fancie@email.com,A
Gamaliel,Althea,Althea.Gamaliel@email.com,C
Boehike,Carol-Jean,Carol-Jean.Boehike@email.com,A
Jacobah,Kimmy,Kimmy.Jacobah@email.com,C
Pelagias,Cristabel,Cristabel.Pelagias@email.com,F
Klemperer,Janenna,Janenna.Klemperer@email.com,C
Alabaster,Ketti,Ketti.Alabaster@email.com,A
Amethist,Corry,Corry.Amethist@email.com,C
Ivens,Camile,Camile.Ivens@email.com,B
Thornburg,Stacey,Stacey.Thornburg@email.com,D
Olin,Kaja,Kaja.Olin@email.com,A
Vivle,Gilligan,Gilligan.Vivle@email.com,C
Cath,Concettina,Concettina.Cath@email.com,F
Trey,Amelia,Amelia.Trey@email.com,C
Raseda,Glynnis,Glynnis.Raseda@email.com,F
Laverne,Addia,Addia.Laverne@email.com,D
Mallon,Flo,Flo.Mallon@email.com,D
Manolo,Ottilie,Ottilie.Manolo@email.com,D
Constancy,Gusella,Gusella.Constancy@email.com,B
Vernier,Nariko,Nariko.Vernier@email.com,D
Cressida,Chere,Chere.Cressida@email.com,C
Adamsen,Katuscha,Katuscha.Adamsen@email.com,D
Bergman,Marsiella,Marsiella.Bergman@email.com,B
Dalli,Judy,Judy.Dalli@email.com,D
Monaco,Elsie,Elsie.Monaco@email.com,A
Vins,Nikki,Nikki.Vins@email.com,F
Hazlett,Molli,Molli.Hazlett@email.com,A
Othilia,Judy,Judy.Othilia@email.com,C
Ranjiv,Merci,Merci.Ranjiv@email.com,A
Palocz,Brietta,Brietta.Palocz@email.com,C
Holtz,Mamie,Mamie.Holtz@email.com,B
Quent,Shirlee,Shirlee.Quent@email.com,F
Loring,Cyndie,Cyndie.Loring@email.com,A
Pillsbury,Ekaterina,Ekaterina.Pillsbury@email.com,F
Vale,Collen,Collen.Vale@email.com,D
Alcott,Tilly,Tilly.Alcott@email.com,F
Brittani,Libbie,Libbie.Brittani@email.com,B
Margarete,Riannon,Riannon.Margarete@email.com,A
Terencio,Jeanna,Jeanna.Terencio@email.com,A
Azeria,Rhoda,Rhoda.Azeria@email.com,B
Sophronia,Micheline,Micheline.Sophronia@email.com,B
Delacourt,Blake,Blake.Delacourt@email.com,D
Philoo,Elyssa,Elyssa.Philoo@email.com,B
Christal,Helena,Helena.Christal@email.com,A
Helfand,Arabel,Arabel.Helfand@email.com,A
Elephus,Roseline,Roseline.Elephus@email.com,F
Teddman,Heddie,Heddie.Teddman@email.com,C
Fiester,Ingrid,Ingrid.Fiester@email.com,A
Kalinda,Edyth,Edyth.Kalinda@email.com,C
Teddman,Kittie,Kittie.Teddman@email.com,B
Chauncey,Zsa Zsa,Zsa Zsa.Chauncey@email.com,B
Zamora,Annice,Annice.Zamora@email.com,F
Loring,Angelique,Angelique.Loring@email.com,D
Slifka,Tani,Tani.Slifka@email.com,B
Hillel,Lisette,Lisette.Hillel@email.com,F
Ogren,Kellen,Kellen.Ogren@email.com,B
Ax,Jillayne,Jillayne.Ax@email.com,B
Pernick,Lita,Lita.Pernick@email.com,D
Kaete,Sharai,Sharai.Kaete@email.com,C
Hoban,Jessy,Jessy.Hoban@email.com,C
Mehalek,Sadie,Sadie.Mehalek@email.com,D
Harl,Sheelagh,Sheelagh.Harl@email.com,C
Noman,Belinda,Belinda.Noman@email.com,C
Harned,Nadine,Nadine.Harned@email.com,A
Eliathas,Jenda,Jenda.Eliathas@email.com,C
Flita,Elise,Elise.Flita@email.com,A
Allare,Inga,Inga.Allare@email.com,B
Meli,Wynne,Wynne.Meli@email.com,C
Brian,Ana,Ana.Brian@email.com,C
Sasnett,Sophia,Sophia.Sasnett@email.com,F
Fontana,Carilyn,Carilyn.Fontana@email.com,B
Noam,Chere,Chere.Noam@email.com,D
Halsey,Devina,Devina.Halsey@email.com,B
Bury,Dacia,Dacia.Bury@email.com,A
Pond,Tracey,Tracey.Pond@email.com,F
Carri,Barbi,Barbi.Carri@email.com,A
Medrek,Kylynn,Kylynn.Medrek@email.com,D
Malvino,Regina,Regina.Malvino@email.com,B
Barbey,Renie,Renie.Barbey@email.com,D
Telfer,Mildrid,Mildrid.Telfer@email.com,D
Nickola,Yolane,Yolane.Nickola@email.com,D
Wilona,Rhea,Rhea.Wilona@email.com,F
Primalia,Ofilia,Ofilia.Primalia@email.com,A
Anestassia,Marleah,Marleah.Anestassia@email.com,B
Vharat,Babita,Babita.Vharat@email.com,F
Infield,Shaylyn,Shaylyn.Infield@email.com,F
Garrison,Gabriellia,Gabriellia.Garrison@email.com,B
Linskey,Lisette,Lisette.Linskey@email.com,A
Anselmi,Verla,Verla.Anselmi@email.com,F
Truc,Tatiania,Tatiania.Truc@email.com,D
Lail,Dagmar,Dagmar.Lail@email.com,C
Tamar,Fred,Fred.Tamar@email.com,B
Giule,Constance,Constance.Giule@email.com,C
Gaynor,Britte,Britte.Gaynor@email.com,F
Hathaway,Vivia,Vivia.Hathaway@email.com,B
Kesley,Harrietta,Harrietta.Kesley@email.com,A
Han,Chloris,Chloris.Han@email.com,C
Dorcy,Addia,Addia.Dorcy@email.com,A
Brodench,Selma,Selma.Brodench@email.com,D
Riordan,Dianemarie,Dianemarie.Riordan@email.com,D
Tatianas,Margalo,Margalo.Tatianas@email.com,B
Drus,Gusty,Gusty.Drus@email.com,C
Felecia,Letizia,Letizia.Felecia@email.com,B
Eno,Carolina,Carolina.Eno@email.com,D
Albertine,Tarra,Tarra.Albertine@email.com,F
Bonucci,Lory,Lory.Bonucci@email.com,C
Milson,Maisey,Maisey.Milson@email.com,F
Slifka,Hannis,Hannis.Slifka@email.com,D
Taam,Shannah,Shannah.Taam@email.com,B
Bonucci,Mady,Mady.Bonucci@email.com,B
Fink,Aaren,Aaren.Fink@email.com,C
Lowry,Loree,Loree.Lowry@email.com,C
Candy,Eadie,Eadie.Candy@email.com,A
Edee,Kylynn,Kylynn.Edee@email.com,F
Wandie,Meghann,Meghann.Wandie@email.com,B
Seligman,Cissiee,Cissiee.Seligman@email.com,D
Percy,Clarice,Clarice.Percy@email.com,C
Lail,Isa,Isa.Lail@email.com,C
Kimmie,Mady,Mady.Kimmie@email.com,B
Dyche,Caryl,Caryl.Dyche@email.com,F
Kirstin,Concettina,Concettina.Kirstin@email.com,B
Lail,Clo,Clo.Lail@email.com,A
Grimbly,Heddie,Heddie.Grimbly@email.com,F
Ventre,Vita,Vita.Ventre@email.com,B
Khorma,Corly,Corly.Khorma@email.com,C
Gerge,Cecile,Cecile.Gerge@email.com,C
Melleta,Valeda,Valeda.Melleta@email.com,D
Zamora,Celestyna,Celestyna.Zamora@email.com,A
Briney,Jessamyn,Jessamyn.Briney@email.com,A
Bibi,Miquela,Miquela.Bibi@email.com,B
Alcott,Willetta,Willetta.Alcott@email.com,B
Merriott,Jenilee,Jenilee.Merriott@email.com,D
Bord,Aigneis,Aigneis.Bord@email.com,F
Hoenack,Glenda,Glenda.Hoenack@email.com,D
Presber,Mallory,Mallory.Presber@email.com,C
Daveta,Cherilyn,Cherilyn.Daveta@email.com,D
Colbert,Viki,Viki.Colbert@email.com,F
Elephus,Jolyn,Jolyn.Elephus@email.com,F
Chobot,Jenda,Jenda.Chobot@email.com,A
Faria,Adele,Adele.Faria@email.com,A
Honoria,Sheree,Sheree.Honoria@email.com,F
Sothena,Gerianna,Gerianna.Sothena@email.com,C
Garlinda,Dagmar,Dagmar.Garlinda@email.com,A
Wattenberg,Marline,Marline.Wattenberg@email.com,C
Caitlin,Consuela,Consuela.Caitlin@email.com,F
Maiah,Jolyn,Jolyn.Maiah@email.com,A
Killigrew,Mignon,Mignon.Killigrew@email.com,A
Schalles,Stacey,Stacey.Schalles@email.com,A
Amasa,Codie,Codie.Amasa@email.com,D
Whittaker,Molli,Molli.Whittaker@email.com,B
Pacorro,Lynnea,Lynnea.Pacorro@email.com,C
Fairweather,Lory,Lory.Fairweather@email.com,A
Weide,Lyssa,Lyssa.Weide@email.com,F
Burnside,Sissy,Sissy.Burnside@email.com,F
Septima,Lucille,Lucille.Septima@email.com,A
Madaih,Meghann,Meghann.Madaih@email.com,D
Redmond,Amii,Amii.Redmond@email.com,C
Arquit,Concettina,Concettina.Arquit@email.com,C
Rodmann,Marylou,Marylou.Rodmann@email.com,A
Ellord,Flo,Flo.Ellord@email.com,F
Robertson,Tatiania,Tatiania.Robertson@email.com,F
Faso,Suzette,Suzette.Faso@email.com,B
Seagraves,Sallie,Sallie.Seagraves@email.com,A
Taam,Gianina,Gianina.Taam@email.com,B
Leary,Cindelyn,Cindelyn.Leary@email.com,A
Primalia,Kial,Kial.Primalia@email.com,B
Calhoun,Elise,Elise.Calhoun@email.com,D
Baylor,Judy,Judy.Baylor@email.com,A
Elisha,Shell,Shell.Elisha@email.com,A
Gilbertson,Darlleen,Darlleen.Gilbertson@email.com,C
Donoghue,Margarette,Margarette.Donoghue@email.com,D
Mathilde,Lolita,Lolita.Mathilde@email.com,D
Philipp,Sheelagh,Sheelagh.Philipp@email.com,D
Bebe,Rosabelle,Rosabelle.Bebe@email.com,F
Emmy,Liana,Liana.Emmy@email.com,F
Weinreb,Diena,Diena.Weinreb@email.com,D
Simmonds,Betta,Betta.Simmonds@email.com,D
Konyn,Valli,Valli.Konyn@email.com,C
Barbey,Shaylyn,Shaylyn.Barbey@email.com,A
Winthorpe,Alyda,Alyda.Winthorpe@email.com,B
Bultman,Jolyn,Jolyn.Bultman@email.com,C
Fontana,Daune,Daune.Fontana@email.com,B
Jammal,Berget,Berget.Jammal@email.com,B
Neils,Clarice,Clarice.Neils@email.com,A
Infield,Roz,Roz.Infield@email.com,B
Dimitris,Pearline,Pearline.Dimitris@email.com,A
Aaberg,Elbertina,Elbertina.Aaberg@email.com,C
Olnee,Sadie,Sadie.Olnee@email.com,D
Kiersten,Leontine,Leontine.Kiersten@email.com,C
Doig,Gretal,Gretal.Doig@email.com,B
Vary,Candy,Candy.Vary@email.com,C
Vivle,Ilse,Ilse.Vivle@email.com,D
Glovsky,Kate,Kate.Glovsky@email.com,C
Carri,Teriann,Teriann.Carri@email.com,B
Pandolfi,Brana,Brana.Pandolfi@email.com,A
Bigner,Daune,Daune.Bigner@email.com,C
Malanie,Ernesta,Ernesta.Malanie@email.com,F
Susannah,Evita,Evita.Susannah@email.com,C
Bettine,Ernesta,Ernesta.Bettine@email.com,B
Arne,Sibella,Sibella.Arne@email.com,C
Jacobah,Tarra,Tarra.Jacobah@email.com,B
Oscar,Jenda,Jenda.Oscar@email.com,F
Bultman,Nananne,Nananne.Bultman@email.com,B
Karylin,Gloria,Gloria.Karylin@email.com,C
Ioab,Madeleine,Madeleine.Ioab@email.com,B
Ephrem,Gusty,Gusty.Ephrem@email.com,A
Toni,Bobinette,Bobinette.Toni@email.com,A
Ivens,Misha,Misha.Ivens@email.com,B
Shields,Georgina,Georgina.Shields@email.com,D
Phaidra,Lucy,Lucy.Phaidra@email.com,C
Percy,Dominga,Dominga.Percy@email.com,C
Kussell,Atlanta,Atlanta.Kussell@email.com,C
Lemuela,Celestyna,Celestyna.Lemuela@email.com,A
Felecia,Jessamyn,Jessamyn.Felecia@email.com,F
Monaco,Abbie,Abbie.Monaco@email.com,D
Merat,Max,Max.Merat@email.com,B
Allare,Dianemarie,Dianemarie.Allare@email.com,D
Barney,Wileen,Wileen.Barney@email.com,A
Iaverne,Dari,Dari.Iaverne@email.com,B
Ophelia,Louella,Louella.Ophelia@email.com,F
Narton,Jacenta,Jacenta.Narton@email.com,F
Norrie,Estell,Estell.Norrie@email.com,C
Gherardo,Donnie,Donnie.Gherardo@email.com,C
Rona,Olivette,Olivette.Rona@email.com,B
Yuille,Jessy,Jessy.Yuille@email.com,A
Dex,Lisette,Lisette.Dex@email.com,B
Bahr,Kelly,Kelly.Bahr@email.com,F
Jotham,Dacia,Dacia.Jotham@email.com,F
Bury,Candi,Candi.Bury@email.com,D
Raychel,Kara-Lynn,Kara-Lynn.Raychel@email.com,C
Boehike,Lolita,Lolita.Boehike@email.com,A
Odell,Beth,Beth.Odell@email.com,C
Faust,Rivalee,Rivalee.Faust@email.com,F
Kiyoshi,Lyssa,Lyssa.Kiyoshi@email.com,C
Sinegold,Libbie,Libbie.Sinegold@email.com,C
Lorain,Valli,Valli.Lorain@email.com,F
Junie,Allyce,Allyce.Junie@email.com,B
Reinke,Tarra,Tarra.Reinke@email.com,C
Janene,Elsie,Elsie.Janene@email.com,C
Lynn,Berta,Berta.Lynn@email.com,B
Stevy,Oralee,Oralee.Stevy@email.com,D
Trinetta,Louella,Louella.Trinetta@email.com,C
Bollay,Harrietta,Harrietta.Bollay@email.com,F
Tatianas,Loree,Loree.Tatianas@email.com,D
Thomasina,Keelia,Keelia.Thomasina@email.com,B
Shirberg,Gwenneth,Gwenneth.Shirberg@email.com,A
Bivins,Caritta,Caritta.Bivins@email.com,F
Uund,Elbertina,Elbertina.Uund@email.com,C
Vorster,Viki,Viki.Vorster@email.com,B
Christal,Nananne,Nananne.Christal@email.com,F
Laurianne,Ada,Ada.Laurianne@email.com,A
Philipp,Joleen,Joleen.Philipp@email.com,D
Wooster,Natka,Natka.Wooster@email.com,C
Maxi,Larine,Larine.Maxi@email.com,B
Durante,Katharina,Katharina.Durante@email.com,C
Ardra,Silvana,Silvana.Ardra@email.com,F
Goth,Renie,Renie.Goth@email.com,A
Carleen,Kore,Kore.Carleen@email.com,C
Nadia,Ernesta,Ernesta.Nadia@email.com,B
Hathaway,Letizia,Letizia.Hathaway@email.com,C
Bonilla,Hope,Hope.Bonilla@email.com,A
Pascia,Theodora,Theodora.Pascia@email.com,D
Macey,Annora,Annora.Macey@email.com,C
Dreda,Tera,Tera.Dreda@email.com,C
Ferrell,Kirstin,Kirstin.Ferrell@email.com,F
Haerr,Morganica,Morganica.Haerr@email.com,C
Japeth,Nikki,Nikki.Japeth@email.com,D
Mendez,Kristan,Kristan.Mendez@email.com,A
Dosia,Daune,Daune.Dosia@email.com,A
Ophelia,Rochette,Rochette.Ophelia@email.com,F
Maurine,Elie,Elie.Maurine@email.com,B
Fulmer,Jolyn,Jolyn.Fulmer@email.com,B
Gamaliel,Gisela,Gisela.Gamaliel@email.com,C
Vilma,Lelah,Lelah.Vilma@email.com,B
Kenney,Phylis,Phylis.Kenney@email.com,B
Lemuela,Xylina,Xylina.Lemuela@email.com,D
Cath,Althea,Althea.Cath@email.com,D
Marcellus,Chandra,Chandra.Marcellus@email.com,C
Goldina,Harrietta,Harrietta.Goldina@email.com,B
Jehu,Annecorinne,Annecorinne.Jehu@email.com,B
Lissi,Jacenta,Jacenta.Lissi@email.com,F
Munn,Cassandra,Cassandra.Munn@email.com,F
Eben,Tatiania,Tatiania.Eben@email.com,C
Smitt,Marti,Marti.Smitt@email.com,D
Nelsen,Minne,Minne.Nelsen@email.com,A
Lemuela,Ketti,Ketti.Lemuela@email.com,A
Suzetta,Brietta,Brietta.Suzetta@email.com,B
Ioab,Morganica,Morganica.Ioab@email.com,B
Peg,Glenda,Glenda.Peg@email.com,D
Kinnard,Elise,Elise.Kinnard@email.com,C
Cohdwell,Diena,Diena.Cohdwell@email.com,A
Casimir,Lulita,Lulita.Casimir@email.com,C
Weide,Norine,Norine.Weide@email.com,A
Wilona,Flo,Flo.Wilona@email.com,A
Konyn,Ethel,Ethel.Konyn@email.com,C
Marlie,Allis,Allis.Marlie@email.com,C
Dash,Shaylyn,Shaylyn.Dash@email.com,C
Regan,Kaja,Kaja.Regan@email.com,B
Shuler,Loree,Loree.Shuler@email.com,B
Hurley,Frieda,Frieda.Hurley@email.com,B
Bultman,Carree,Carree.Bultman@email.com,C
Kussell,Sallie,Sallie.Kussell@email.com,B
Infield,Kirbee,Kirbee.Infield@email.com,C
Noman,Madeleine,Madeleine.Noman@email.com,F
Corabella,Kore,Kore.Corabella@email.com,F
Thomasina,Steffane,Steffane.Thomasina@email.com,D
Hathaway,Sharlene,Sharlene.Hathaway@email.com,A
Monaco,Vevay,Vevay.Monaco@email.com,D
Tound,Jessy,Jessy.Tound@email.com,F
Silvan,Pierette,Pierette.Silvan@email.com,B
O'Neill,Dolli,Dolli.O'Neill@email.com,F
Charmine,Joy,Joy.Charmine@email.com,B
Lail,Lyssa,Lyssa.Lail@email.com,A
Justinn,Natka,Natka.Justinn@email.com,C
Margarete,Flory,Flory.Margarete@email.com,B
Tayib,Lanae,Lanae.Tayib@email.com,A
Merna,Lucy,Lucy.Merna@email.com,D
Wallis,Hildegaard,Hildegaard.Wallis@email.com,C
Etom,Alie,Alie.Etom@email.com,C
Roche,Kerrin,Kerrin.Roche@email.com,A
Greyson,Tierney,Tierney.Greyson@email.com,D
Chesna,Rosanne,Rosanne.Chesna@email.com,B
Sancho,Kathy,Kathy.Sancho@email.com,D
Stuart,Oralee,Oralee.Stuart@email.com,B
Cookie,Vivia,Vivia.Cookie@email.com,B
Primalia,Lynnea,Lynnea.Primalia@email.com,D
Nadia,Fanchon,Fanchon.Nadia@email.com,B
Faria,Ursulina,Ursulina.Faria@email.com,A
Capello,Viki,Viki.Capello@email.com,A
Aida,Ariela,Ariela.Aida@email.com,A
Virgin,Ronna,Ronna.Virgin@email.com,B
Noman,Elbertina,Elbertina.Noman@email.com,A
Baptlsta,Katharina,Katharina.Baptlsta@email.com,D
Greenwald,Allyce,Allyce.Greenwald@email.com,A
Frendel,Joane,Joane.Frendel@email.com,C
Bonilla,Nariko,Nariko.Bonilla@email.com,C
Roxanna,Judy,Judy.Roxanna@email.com,D
Tufts,Leia,Leia.Tufts@email.com,B
Goldina,Beth,Beth.Goldina@email.com,C
Sperling,Annice,Annice.Sperling@email.com,B
Junie,Renie,Renie.Junie@email.com,C
Adrienne,Ada,Ada.Adrienne@email.com,A
Diann,Averyl,Averyl.Diann@email.com,D
Douglass,Cristine,Cristine.Douglass@email.com,A
Earlie,Ethel,Ethel.Earlie@email.com,F
Lynn,Ekaterina,Ekaterina.Lynn@email.com,C
Durware,Marinna,Marinna.Durware@email.com,D
Kat,Barbi,Barbi.Kat@email.com,D
Nisbet,Jaime,Jaime.Nisbet@email.com,F
Ramona,Sheree,Sheree.Ramona@email.com,F
Izaak,Merle,Merle.Izaak@email.com,C
Gwenore,Latisha,Latisha.Gwenore@email.com,F
Orpah,Jerry,Jerry.Orpah@email.com,D
Moseley,Selia,Selia.Moseley@email.com,C
Peonir,Gwenneth,Gwenneth.Peonir@email.com,C
Belldas,Alyssa,Alyssa.Belldas@email.com,C
Friede,Ethel,Ethel.Friede@email.com,A
Elsinore,Ricky,Ricky.Elsinore@email.com,A
Dahlia,Gusty,Gusty.Dahlia@email.com,A
Franza,Bee,Bee.Franza@email.com,D
Egbert,Ermengarde,Ermengarde.Egbert@email.com,A
Noman,Sibella,Sibella.Noman@email.com,A
Pascia,Britni,Britni.Pascia@email.com,A
Richers,Cecile,Cecile.Richers@email.com,D
Bergman,Krystle,Krystle.Bergman@email.com,A
Longfellow,Aryn,Aryn.Longfellow@email.com,F
Bennie,Lenna,Lenna.Bennie@email.com,C
Leifeste,Desirae,Desirae.Leifeste@email.com,C
Brackely,Luci,Luci.Brackely@email.com,D
Schwejda,Leeanne,Leeanne.Schwejda@email.com,B
Curren,Teriann,Teriann.Curren@email.com,B
Bari,Tressa,Tressa.Bari@email.com,C
Carlson,Briney,Briney.Carlson@email.com,D
Carmena,Sibella,Sibella.Carmena@email.com,A
Othilia,Dorothy,Dorothy.Othilia@email.com,A
Juan,Tabbatha,Tabbatha.Juan@email.com,B
Hieronymus,Margalo,Margalo.Hieronymus@email.com,B
Dorine,Jennica,Jennica.Dorine@email.com,B
Lucienne,Jany,Jany.Lucienne@email.com,D
Yorick,Britte,Britte.Yorick@email.com,B
Barbey,Andeee,Andeee.Barbey@email.com,D
Tamar,Corene,Corene.Tamar@email.com,C
Clarissa,Courtnay,Courtnay.Clarissa@email.com,C
Nance,Heddie,Heddie.Nance@email.com,B
Voletta,Celisse,Celisse.Voletta@email.com,A
Jehu,Jordan,Jordan.Jehu@email.com,D
Lamoree,Shaine,Shaine.Lamoree@email.com,F
Hathaway,Alyssa,Alyssa.Hathaway@email.com,D
Oscar,Isa,Isa.Oscar@email.com,F
Alcott,Arabel,Arabel.Alcott@email.com,A
Nance,Jessamyn,Jessamyn.Nance@email.com,A
Thilda,Zia,Zia.Thilda@email.com,B
Gamaliel,Jobi,Jobi.Gamaliel@email.com,C
Grayce,Maye,Maye.Grayce@email.com,A
Cleavland,Larine,Larine.Cleavland@email.com,F
Jillane,Flo,Flo.Jillane@email.com,B
Glovsky,Ericka,Ericka.Glovsky@email.com,D
Pond,Tera,Tera.Pond@email.com,B
Ludewig,Riannon,Riannon.Ludewig@email.com,D
Phi,Jeanna,Jeanna.Phi@email.com,B
Maxi,Darci,Darci.Maxi@email.com,C
Fillbert,Darci,Darci.Fillbert@email.com,A
Santoro,Nikki,Nikki.Santoro@email.com,A
Velick,Lynde,Lynde.Velick@email.com,D
MacIntosh,Nananne,Nananne.MacIntosh@email.com,D
Berriman,Petronia,Petronia.Berriman@email.com,B
Dermott,Selma,Selma.Dermott@email.com,A
Jerold,Alyssa,Alyssa.Jerold@email.com,B
Warthman,Emma,Emma.Warthman@email.com,B
Sholley,Babita,Babita.Sholley@email.com,B
Olympium,Celisse,Celisse.Olympium@email.com,B
Ioab,Gusty,Gusty.Ioab@email.com,B
Rugen,Lolita,Lolita.Rugen@email.com,C
Noelyn,Alleen,Alleen.Noelyn@email.com,C
Merell,Goldie,Goldie.Merell@email.com,D
Screens,Vivia,Vivia.Screens@email.com,B
Gahl,Ingrid,Ingrid.Gahl@email.com,C
Laverne,Xylina,Xylina.Laverne@email.com,B
Thema,Gisela,Gisela.Thema@email.com,D
Colp,Clary,Clary.Colp@email.com,D
Mathilde,Agnese,Agnese.Mathilde@email.com,A
Dawkins,Leontine,Leontine.Dawkins@email.com,D
Wallis,Edith,Edith.Wallis@email.com,A
Rhu,Evita,Evita.Rhu@email.com,A
Jena,Joelly,Joelly.Jena@email.com,F
Middleton,Lexine,Lexine.Middleton@email.com,B
Harday,Sadie,Sadie.Harday@email.com,A
Cadmar,Oralee,Oralee.Cadmar@email.com,A
Hertzfeld,Delilah,Delilah.Hertzfeld@email.com,C
Florina,Nataline,Nataline.Florina@email.com,D
Billye,Valli,Valli.Billye@email.com,F
Ailyn,Sidoney,Sidoney.Ailyn@email.com,F
Schwejda,Patricia,Patricia.Schwejda@email.com,C
Germann,Doralynne,Doralynne.Germann@email.com,B
Devlen,Teddie,Teddie.Devlen@email.com,B
Elsinore,Sue,Sue.Elsinore@email.com,A
Astra,Isa,Isa.Astra@email.com,D
Mott,Valli,Valli.Mott@email.com,B
Muriel,Ketti,Ketti.Muriel@email.com,C
Ashely,Lory,Lory.Ashely@email.com,B
Linehan,Cacilie,Cacilie.Linehan@email.com,B
Chobot,Gilda,Gilda.Chobot@email.com,F
Calhoun,Viki,Viki.Calhoun@email.com,C
Zeeba,Mary,Mary.Zeeba@email.com,D
Chick,Zaria,Zaria.Chick@email.com,D
Lubin,Rebeca,Rebeca.Lubin@email.com,A
Fulmer,Asia,Asia.Fulmer@email.com,F
Dash,Nataline,Nataline.Dash@email.com,F
Maribeth,Viki,Viki.Maribeth@email.com,A
Kat,Sidoney,Sidoney.Kat@email.com,B
Uird,Adore,Adore.Uird@email.com,F
Sperling,Reeba,Reeba.Sperling@email.com,C
Leopold,Ardys,Ardys.Leopold@email.com,C
Huggins,Silvana,Silvana.Huggins@email.com,A
Burch,Mureil,Mureil.Burch@email.com,F
Noelyn,Ezmeralda,Ezmeralda.Noelyn@email.com,C
Gualtiero,Romona,Romona.Gualtiero@email.com,D
Aloise,Chrystel,Chrystel.Aloise@email.com,A
Tice,Alie,Alie.Tice@email.com,F
Brotherson,Christian,Christian.Brotherson@email.com,C
Desai,Noelle,Noelle.Desai@email.com,F
Bluh,Lexine,Lexine.Bluh@email.com,B
Joni,Dacia,Dacia.Joni@email.com,D
Trace,Robbi,Robbi.Trace@email.com,B
Ehrman,Amii,Amii.Ehrman@email.com,C
Couture,Desirae,Desirae.Couture@email.com,D
Flita,Demetris,Demetris.Flita@email.com,D
Ulphia,Elbertina,Elbertina.Ulphia@email.com,A
Nea,Shannah,Shannah.Nea@email.com,C
Gale,Berget,Berget.Gale@email.com,A
Fulmer,Chastity,Chastity.Fulmer@email.com,B
Jammal,Elora,Elora.Jammal@email.com,A
Zuzana,Harmonia,Harmonia.Zuzana@email.com,B
Schwejda,Kaia,Kaia.Schwejda@email.com,F
Madox,Alameda,Alameda.Madox@email.com,F
Casimir,Renae,Renae.Casimir@email.com,A
Joseph,Joy,Joy.Joseph@email.com,F
Berl,Morganica,Morganica.Berl@email.com,D
Lauraine,Antonietta,Antonietta.Lauraine@email.com,F
Yuille,Dianemarie,Dianemarie.Yuille@email.com,D
Tjon,Monika,Monika.Tjon@email.com,B
Westphal,Giustina,Giustina.Westphal@email.com,D
Breed,Luci,Luci.Breed@email.com,A
Rossner,Frank,Frank.Rossner@email.com,B
Tacye,Sheree,Sheree.Tacye@email.com,B
Rustice,Wileen,Wileen.Rustice@email.com,B
Fontana,Hannis,Hannis.Fontana@email.com,C
Connelly,Marita,Marita.Connelly@email.com,B
Hachmin,Arlina,Arlina.Hachmin@email.com,A
Kauppi,Lynea,Lynea.Kauppi@email.com,A
Elephus,Anestassia,Anestassia.Elephus@email.com,B
Schenck,Di,Di.Schenck@email.com,B
Hertzfeld,Fredericka,Fredericka.Hertzfeld@email.com,A
Sheng,Barbara,Barbara.Sheng@email.com,B
Amand,Laurene,Laurene.Amand@email.com,A
Madaih,Vinita,Vinita.Madaih@email.com,A
Claudine,Viviene,Viviene.Claudine@email.com,A
Millda,Caryl,Caryl.Millda@email.com,A
Leffen,Ottilie,Ottilie.Leffen@email.com,B
Ludewig,June,June.Ludewig@email.com,D
Nedrud,Ursulina,Ursulina.Nedrud@email.com,D
Brunell,Bobbi,Bobbi.Brunell@email.com,A
Fancie,Binny,Binny.Fancie@email.com,A
Raychel,Jessy,Jessy.Raychel@email.com,F
Ashely,Desirae,Desirae.Ashely@email.com,A
Eugenia,Mathilda,Mathilda.Eugenia@email.com,B
Richers,Steffane,Steffane.Richers@email.com,F
Ludewig,Marylou,Marylou.Ludewig@email.com,F
Klemperer,Ingrid,Ingrid.Klemperer@email.com,B
Wyn,Tersina,Tersina.Wyn@email.com,D
Rugen,Marti,Marti.Rugen@email.com,D
Grimbly,Joceline,Joceline.Grimbly@email.com,F
Bethany,Ana,Ana.Bethany@email.com,C
Manolo,Ricky,Ricky.Manolo@email.com,B
Dorine,Molli,Molli.Dorine@email.com,D
Dowski,Barbi,Barbi.Dowski@email.com,B
Scammon,Alameda,Alameda.Scammon@email.com,A
Pauly,Glynnis,Glynnis.Pauly@email.com,D
Yoko,Melodie,Melodie.Yoko@email.com,B
Moina,Ericka,Ericka.Moina@email.com,A
Kare,Robbi,Robbi.Kare@email.com,C
Monaco,Viki,Viki.Monaco@email.com,F
Manolo,Elmira,Elmira.Manolo@email.com,F
Whiffen,Letizia,Letizia.Whiffen@email.com,F
Fosque,Heida,Heida.Fosque@email.com,A
Voletta,Tersina,Tersina.Voletta@email.com,D
Kesley,Mary,Mary.Kesley@email.com,C
LaRue,Madeleine,Madeleine.LaRue@email.com,A
Prouty,Steffane,Steffane.Prouty@email.com,F
Naor,Ivett,Ivett.Naor@email.com,D
Kravits,Minne,Minne.Kravits@email.com,F
Tannie,Lyssa,Lyssa.Tannie@email.com,F
Luhe,Jean,Jean.Luhe@email.com,F
Goddard,Gusella,Gusella.Goddard@email.com,F
Fulmer,Marnia,Marnia.Fulmer@email.com,D
Faust,Mahalia,Mahalia.Faust@email.com,F
Hutchison,Jeanna,Jeanna.Hutchison@email.com,A
Maples,Nonnah,Nonnah.Maples@email.com,B
Bahr,Dotty,Dotty.Bahr@email.com,F
Gaal,Sandie,Sandie.Gaal@email.com,F
Zina,Nollie,Nollie.Zina@email.com,F
Dichy,Regina,Regina.Dichy@email.com,B
Bearnard,Doro,Doro.Bearnard@email.com,F
Kamaria,Augustine,Augustine.Kamaria@email.com,D
Lanita,Bobbi,Bobbi.Lanita@email.com,B
Bibi,Emylee,Emylee.Bibi@email.com,C
Sibyls,Kimmy,Kimmy.Sibyls@email.com,A
Burnside,Gerrie,Gerrie.Burnside@email.com,B
Mathilde,Suzette,Suzette.Mathilde@email.com,C
Seumas,Lily,Lily.Seumas@email.com,C
Velick,Glenda,Glenda.Velick@email.com,B
Audly,Kirbee,Kirbee.Audly@email.com,C
Madox,Lynea,Lynea.Madox@email.com,A
Ammann,Iseabal,Iseabal.Ammann@email.com,F
Dreda,Meg,Meg.Dreda@email.com,C
Vittoria,Rayna,Rayna.Vittoria@email.com,B
Macey,Sharlene,Sharlene.Macey@email.com,C
Avi,Corina,Corina.Avi@email.com,A
Hamil,Moyna,Moyna.Hamil@email.com,F
Mott,Gloria,Gloria.Mott@email.com,F
Roumell,Priscilla,Priscilla.Roumell@email.com,D
Hurley,Lexine,Lexine.Hurley@email.com,B
Jary,Aubrie,Aubrie.Jary@email.com,A
Anestassia,Trudie,Trudie.Anestassia@email.com,C
Pond,Roslyn,Roslyn.Pond@email.com,F
Thunell,Kayla,Kayla.Thunell@email.com,C
Torray,Bernie,Bernie.Torray@email.com,D
Junie,Ayn,Ayn.Junie@email.com,C
Wittie,Joleen,Joleen.Wittie@email.com,C
Lunsford,Roxane,Roxane.Lunsford@email.com,D
Ries,Malina,Malina.Ries@email.com,A
Sekofski,Betta,Betta.Sekofski@email.com,B
Kirstin,Adelle,Adelle.Kirstin@email.com,C
Myrilla,Jennica,Jennica.Myrilla@email.com,A
Mallon,Alleen,Alleen.Mallon@email.com,C
Colyer,Meg,Meg.Colyer@email.com,C
Diogenes,Dania,Dania.Diogenes@email.com,A
Anderea,Cyb,Cyb.Anderea@email.com,F
Cecile,Oralee,Oralee.Cecile@email.com,C
Kirstin,Drucie,Drucie.Kirstin@email.com,D
Kaja,Marjie,Marjie.Kaja@email.com,B
Viddah,Berta,Berta.Viddah@email.com,B
Kelula,Robinia,Robinia.Kelula@email.com,D
Virgin,Ida,Ida.Virgin@email.com,D
Palocz,Merry,Merry.Palocz@email.com,C
Neva,Mariele,Mariele.Neva@email.com,F
Freddi,Cam,Cam.Freddi@email.com,F
Seumas,Jemie,Jemie.Seumas@email.com,C
Remmer,Morganica,Morganica.Remmer@email.com,B
Lauraine,Augustine,Augustine.Lauraine@email.com,D
Nelsen,Nita,Nita.Nelsen@email.com,B
Adore,Agnese,Agnese.Adore@email.com,D
Ethban,Halette,Halette.Ethban@email.com,A
Suk,Florencia,Florencia.Suk@email.com,F
Strephon,Charlena,Charlena.Strephon@email.com,D
Tacye,Ardenia,Ardenia.Tacye@email.com,B
Demitria,Deane,Deane.Demitria@email.com,F
Guthrie,Winny,Winny.Guthrie@email.com,D
Brenn,Marcy,Marcy.Brenn@email.com,D
Jary,Sherrie,Sherrie.Jary@email.com,D
Mandler,June,June.Mandler@email.com,A
Ferrell,Tomasina,Tomasina.Ferrell@email.com,B
Gavrila,Mallory,Mallory.Gavrila@email.com,D
Ingra,Alejandra,Alejandra.Ingra@email.com,C
Frodi,Priscilla,Priscilla.Frodi@email.com,D
Warthman,Madalyn,Madalyn.Warthman@email.com,D
Even,Bibby,Bibby.Even@email.com,F
Jena,Cam,Cam.Jena@email.com,C
Schonfeld,Hettie,Hettie.Schonfeld@email.com,A
Fitzsimmons,Genevra,Genevra.Fitzsimmons@email.com,A
Emerson,Pierette,Pierette.Emerson@email.com,C
Hurley,Steffane,Steffane.Hurley@email.com,C
Stephie,Ulrike,Ulrike.Stephie@email.com,C
Grosz,Dione,Dione.Grosz@email.com,C
Hathaway,Regina,Regina.Hathaway@email.com,B
Daniele,Charissa,Charissa.Daniele@email.com,C
Amasa,Ursulina,Ursulina.Amasa@email.com,D
Crudden,Kayla,Kayla.Crudden@email.com,F
Bryna,Clary,Clary.Bryna@email.com,B
Eben,Moyna,Moyna.Eben@email.com,F
Riva,Sophia,Sophia.Riva@email.com,D
Valoniah,Lorie,Lorie.Valoniah@email.com,F
Giff,Dulcinea,Dulcinea.Giff@email.com,D
Morgun,Tabbatha,Tabbatha.Morgun@email.com,D
Israeli,Winny,Winny.Israeli@email.com,A
Arne,Helsa,Helsa.Arne@email.com,A
Norvol,Georgina,Georgina.Norvol@email.com,B
Ailyn,Pamella,Pamella.Ailyn@email.com,B
Pyle,Codie,Codie.Pyle@email.com,D
Gusella,Heddie,Heddie.Gusella@email.com,B
Flyn,Lily,Lily.Flyn@email.com,D
Kathie,Catrina,Catrina.Kathie@email.com,A
Leopold,Lita,Lita.Leopold@email.com,A
Kimmie,Sissy,Sissy.Kimmie@email.com,A
Sammons,Bee,Bee.Sammons@email.com,D
Natalia,Barbara,Barbara.Natalia@email.com,F
Lia,Rozele,Rozele.Lia@email.com,D
Pearse,Queenie,Queenie.Pearse@email.com,C
Gavrila,Jenda,Jenda.Gavrila@email.com,A
Shaddock,Elyssa,Elyssa.Shaddock@email.com,C
Florina,Merle,Merle.Florina@email.com,B
Allare,Ginnie,Ginnie.Allare@email.com,A
Francyne,Nikki,Nikki.Francyne@email.com,B
Chaing,Sadie,Sadie.Chaing@email.com,F
Hunfredo,Claresta,Claresta.Hunfredo@email.com,C
Kiyoshi,Brynna,Brynna.Kiyoshi@email.com,D
Aldric,Luci,Luci.Aldric@email.com,B
Joni,Paola,Paola.Joni@email.com,F
Imelida,Ericka,Ericka.Imelida@email.com,F
Serilda,Asia,Asia.Serilda@email.com,C
Edee,Edith,Edith.Edee@email.com,F
Bakerman,Joane,Joane.Bakerman@email.com,F
Bohlin,Marylou,Marylou.Bohlin@email.com,F
Rona,Babita,Babita.Rona@email.com,B
Marden,Iseabal,Iseabal.Marden@email.com,F
Martguerita,Jackie,Jackie.Martguerita@email.com,B
Garlinda,Liana,Liana.Garlinda@email.com,D
Wilkinson,Alexine,Alexine.Wilkinson@email.com,F
Agle,Courtnay,Courtnay.Agle@email.com,F
Libna,Brena,Brena.Libna@email.com,F
Carey,Gabi,Gabi.Carey@email.com,C
Linehan,Ariela,Ariela.Linehan@email.com,C
Felecia,Nariko,Nariko.Felecia@email.com,C
Llovera,Shell,Shell.Llovera@email.com,F
Ehrman,Jobi,Jobi.Ehrman@email.com,C
Toffic,Paule,Paule.Toffic@email.com,A
Selway,Edyth,Edyth.Selway@email.com,F
Ciro,Hyacinthe,Hyacinthe.Ciro@email.com,D
Hewitt,Antonietta,Antonietta.Hewitt@email.com,B
Donoghue,Stephanie,Stephanie.Donoghue@email.com,D
Kermit,Anestassia,Anestassia.Kermit@email.com,C
Silvan,Zsa Zsa,Zsa Zsa.Silvan@email.com,C
Rooney,Randa,Randa.Rooney@email.com,D
Judye,Ira,Ira.Judye@email.com,B
Yerkovich,Celene,Celene.Yerkovich@email.com,C
Wittie,Ekaterina,Ekaterina.Wittie@email.com,A
Pierette,Tersina,Tersina.Pierette@email.com,D
Erich,Alleen,Alleen.Erich@email.com,D
Moseley,Yolane,Yolane.Moseley@email.com,F
Rosemary,Lesly,Lesly.Rosemary@email.com,A
Tufts,Blondelle,Blondelle.Tufts@email.com,A
Reidar,Ulrike,Ulrike.Reidar@email.com,B
Cleavland,Louella,Louella.Cleavland@email.com,F
Halsey,Chickie,Chickie.Halsey@email.com,F
Georgy,Patricia,Patricia.Georgy@email.com,C
Jena,Kirstin,Kirstin.Jena@email.com,F
Halsey,Minne,Minne.Halsey@email.com,B
Lay,Hildegaard,Hildegaard.Lay@email.com,A
Thornburg,Nessie,Nessie.Thornburg@email.com,C
Schenck,Dale,Dale.Schenck@email.com,B
Gaulin,Monika,Monika.Gaulin@email.com,A
Juliet,Bernie,Bernie.Juliet@email.com,D
Letsou,Aurore,Aurore.Letsou@email.com,A
Yusuk,Mignon,Mignon.Yusuk@email.com,D
Harriman,Dorothy,Dorothy.Harriman@email.com,D
Shuler,Cristine,Cristine.Shuler@email.com,F
Lauraine,Lily,Lily.Lauraine@email.com,D
Medrek,Sam,Sam.Medrek@email.com,F
Virgin,Glenda,Glenda.Virgin@email.com,A
Remmer,Fawne,Fawne.Remmer@email.com,B
Winnick,Courtnay,Courtnay.Winnick@email.com,F
Bahr,Camile,Camile.Bahr@email.com,D
Guildroy,Marline,Marline.Guildroy@email.com,D
Raama,Bill,Bill.Raama@email.com,A
Waite,Esmeralda,Esmeralda.Waite@email.com,F
Mallon,Darlleen,Darlleen.Mallon@email.com,D
Berl,Ellette,Ellette.Berl@email.com,F
Hedve,Sean,Sean.Hedve@email.com,B
Willie,Fred,Fred.Willie@email.com,A
Goerke,Alia,Alia.Goerke@email.com,F
Nea,Lila,Lila.Nea@email.com,C
Andrel,Mahalia,Mahalia.Andrel@email.com,A
Jagir,Madalyn,Madalyn.Jagir@email.com,A
Katrine,Bernie,Bernie.Katrine@email.com,C
Autrey,Magdalena,Magdalena.Autrey@email.com,D
Hazlett,Viki,Viki.Hazlett@email.com,A
Gale,Larine,Larine.Gale@email.com,D
Levey,Ellette,Ellette.Levey@email.com,D
Mehalek,Concettina,Concettina.Mehalek@email.com,C
Wenoa,Carlie,Carlie.Wenoa@email.com,F
Glenden,Ginnie,Ginnie.Glenden@email.com,C
Schwejda,Myriam,Myriam.Schwejda@email.com,B
Nerita,Gretal,Gretal.Nerita@email.com,B
Maribeth,Corina,Corina.Maribeth@email.com,B
Kesley,Ariela,Ariela.Kesley@email.com,C
Diogenes,Lily,Lily.Diogenes@email.com,D
Presber,Imojean,Imojean.Presber@email.com,B
Othilia,Florie,Florie.Othilia@email.com,F
Brieta,Tersina,Tersina.Brieta@email.com,D
Argus,Clementine,Clementine.Argus@email.com,F
Middleton,Karina,Karina.Middleton@email.com,D
Eno,Marleah,Marleah.Eno@email.com,F
Karna,Karina,Karina.Karna@email.com,B
Pierette,Sam,Sam.Pierette@email.com,B
Tippets,Annora,Annora.Tippets@email.com,D
Lamoree,Nariko,Nariko.Lamoree@email.com,C
Peti,Claresta,Claresta.Peti@email.com,D
Tannie,Renae,Renae.Tannie@email.com,B
Damarra,Lulita,Lulita.Damarra@email.com,C
Milson,Dania,Dania.Milson@email.com,D
